<?xml version="1.0" encoding="UTF-8"?>
<project-private xmlns="http://www.netbeans.org/ns/project-private/1">
    <editor-bookmarks xmlns="http://www.netbeans.org/ns/editor-bookmarks/2" lastBookmarkId="0"/>
    <open-files xmlns="http://www.netbeans.org/ns/projectui-open-files/2">
        <group>
            <file>file:/C:/Users/chris/OneDrive%20-%20University%20of%20Sussex/Year1/Further/futoshiki/Part%201/futoshiki-assignment/test/FutoshikiPuzzleTest.java</file>
            <file>file:/C:/Users/chris/OneDrive%20-%20University%20of%20Sussex/Year1/Further/futoshiki/Part%201/futoshiki-assignment/src/FutoshikiPuzzle.java</file>
        </group>
    </open-files>
</project-private>
